Prior_entropy;Information_gain
0.8810268389063437;0.03824896855816662
