region;gradient_deviation
Module1_1;59.14659823879331
Module1_2;57.65343190299411
Module1_3;58.38839603416111
Module1_4;58.66800553703294
Module1_5;64.27382459979881
Module1_6;49.91558935676572
Module1_7;60.4597359760198
Module1_8;44.309117828680506
