region;reversal_index
Module1_1;0.5521024826701683
Module1_2;0.6025020335457831
Module1_3;0.4752406062540882
Module1_4;0.4311609174504002
Module1_5;0.0562603419746276
Module1_6;0.3477181453085067
Module1_7;0.3667645331767469
Module1_8;0.1319073083778966
