Prior_entropy;Information_gain
0.9084622443784608;0.4682527207597384
