Prior_entropy;Information_gain
0.9084622443784608;0.01273129274681517
